{"cameraMode":{"drawMode":0,"name":"Shaded","section":"Shading Mode"},"sceneLighting":true,"audioPlay":false,"sceneViewState":{"showFog":true,"showMaterialUpdate":true,"showSkybox":true,"showFlares":true,"showImageEffects":true,"showParticleSystems":true},"in2DMode":false,"pivot":{"x":-27.872655868530275,"y":1.0400720834732056,"z":30.30319595336914},"rotation":{"x":-0.10832098126411438,"y":-0.8680682182312012,"z":0.21685366332530976,"w":-0.4335300028324127},"size":2.366025447845459,"orthographic":false}