{"cameraMode":{"drawMode":0,"name":"Shaded","section":"Shading Mode"},"sceneLighting":true,"audioPlay":false,"sceneViewState":{"showFog":true,"showMaterialUpdate":true,"showSkybox":true,"showFlares":true,"showImageEffects":true,"showParticleSystems":true},"in2DMode":false,"pivot":{"x":-10.509214401245118,"y":-1.5149840116500855,"z":17.09109878540039},"rotation":{"x":0.03324587643146515,"y":-0.9361545443534851,"z":0.09820529073476792,"w":0.33712896704673769},"size":-0.1884620189666748,"orthographic":false}