{"cameraMode":{"drawMode":0,"name":"Shaded","section":"Shading Mode"},"sceneLighting":true,"audioPlay":false,"sceneViewState":{"showFog":true,"showMaterialUpdate":true,"showSkybox":true,"showFlares":true,"showImageEffects":true,"showParticleSystems":true},"in2DMode":false,"pivot":{"x":-12.256062507629395,"y":-2.11415958404541,"z":15.76791000366211},"rotation":{"x":-0.24161817133426667,"y":-0.1793481409549713,"z":0.04679492861032486,"w":-0.9539074897766113},"size":2.8409950733184816,"orthographic":false}